{"cameraMode":{"drawMode":0,"name":"Shaded","section":"Shading Mode"},"sceneLighting":false,"audioPlay":false,"sceneViewState":{"m_AlwaysRefresh":false,"showFog":true,"showSkybox":true,"showFlares":true,"showImageEffects":true,"showParticleSystems":true,"showVisualEffectGraphs":true,"m_FxEnabled":true},"in2DMode":false,"pivot":{"x":22.638952255249025,"y":1.0004847049713135,"z":14.928801536560059},"rotation":{"x":0.04635004326701164,"y":-0.5036264657974243,"z":0.027089402079582216,"w":0.8623054623603821},"size":7.5295634269714359,"orthographic":true}