{"cameraMode":{"drawMode":0,"name":"Shaded","section":"Shading Mode"},"sceneLighting":true,"audioPlay":false,"sceneViewState":{"m_AlwaysRefresh":false,"showFog":true,"showSkybox":true,"showFlares":true,"showImageEffects":true,"showParticleSystems":true,"showVisualEffectGraphs":true,"m_FxEnabled":true},"in2DMode":false,"pivot":{"x":-123.1484603881836,"y":143.0656280517578,"z":633.8548583984375},"rotation":{"x":0.028766309842467309,"y":0.037459805607795718,"z":-0.00146363559179008,"w":0.9991435408592224},"size":7.269378185272217,"orthographic":false}