{"cameraMode":{"drawMode":0,"name":"Shaded","section":"Shading Mode"},"sceneLighting":true,"audioPlay":false,"sceneViewState":{"m_AlwaysRefresh":false,"showFog":true,"showSkybox":true,"showFlares":true,"showImageEffects":true,"showParticleSystems":true,"showVisualEffectGraphs":true,"m_FxEnabled":true},"in2DMode":false,"pivot":{"x":-4.4207048416137699,"y":3.1829841136932375,"z":-30.31000518798828},"rotation":{"x":-0.03306540101766586,"y":-0.7861339449882507,"z":0.04228582978248596,"w":-0.6158427596092224},"size":1.7367006540298463,"orthographic":true}