{"cameraMode":{"drawMode":0,"name":"Shaded","section":"Shading Mode"},"sceneLighting":true,"audioPlay":false,"sceneViewState":{"m_AlwaysRefresh":false,"showFog":true,"showSkybox":true,"showFlares":true,"showImageEffects":true,"showParticleSystems":true,"showVisualEffectGraphs":true,"m_FxEnabled":true},"in2DMode":false,"pivot":{"x":17.322437286376954,"y":-0.9386074542999268,"z":5.4385199546813969},"rotation":{"x":-0.06414289772510529,"y":-0.8652089834213257,"z":0.11460265517234802,"w":-0.48395514488220217},"size":3.8676626682281496,"orthographic":false}