{"cameraMode":{"drawMode":0,"name":"Shaded","section":"Shading Mode"},"sceneLighting":true,"audioPlay":false,"sceneViewState":{"m_AlwaysRefresh":false,"showFog":true,"showSkybox":true,"showFlares":true,"showImageEffects":true,"showParticleSystems":true,"showVisualEffectGraphs":true,"m_FxEnabled":true},"in2DMode":false,"pivot":{"x":-143.4444122314453,"y":127.31193542480469,"z":102.61817932128906},"rotation":{"x":-0.09382451325654984,"y":0.16041597723960877,"z":-0.014809727668762207,"w":-0.9828230738639832},"size":27.215330123901368,"orthographic":false}