{"cameraMode":{"drawMode":0,"name":"Shaded","section":"Shading Mode"},"sceneLighting":true,"audioPlay":false,"sceneViewState":{"m_AlwaysRefresh":false,"showFog":true,"showSkybox":true,"showFlares":true,"showImageEffects":true,"showParticleSystems":true,"showVisualEffectGraphs":true,"m_FxEnabled":true},"in2DMode":false,"pivot":{"x":-128.91635131835938,"y":153.01365661621095,"z":482.6608581542969},"rotation":{"x":0.18970799446105958,"y":0.008828692138195038,"z":-0.0014099879190325738,"w":0.9821950793266296},"size":2.1722047328948976,"orthographic":false}