{"cameraMode":{"drawMode":0,"name":"Shaded","section":"Shading Mode"},"sceneLighting":true,"audioPlay":false,"sceneViewState":{"m_AlwaysRefresh":false,"showFog":true,"showSkybox":true,"showFlares":true,"showImageEffects":true,"showParticleSystems":true,"showVisualEffectGraphs":true,"m_FxEnabled":true},"in2DMode":false,"pivot":{"x":-114.8427963256836,"y":156.9615478515625,"z":407.5137939453125},"rotation":{"x":-0.014845974743366242,"y":-0.9788784384727478,"z":0.19475680589675904,"w":-0.06715790927410126},"size":2.1722047328948976,"orthographic":false}