{"cameraMode":{"drawMode":0,"name":"Shaded","section":"Shading Mode"},"sceneLighting":true,"audioPlay":false,"sceneViewState":{"m_AlwaysRefresh":false,"showFog":true,"showSkybox":true,"showFlares":true,"showImageEffects":true,"showParticleSystems":true,"showVisualEffectGraphs":true,"m_FxEnabled":true},"in2DMode":false,"pivot":{"x":25.819181442260743,"y":5.247693061828613,"z":16.891000747680665},"rotation":{"x":0.23852518200874329,"y":-0.5688154101371765,"z":0.17689277231693269,"w":0.7670140862464905},"size":14.698112487792969,"orthographic":true}