{"cameraMode":{"drawMode":0,"name":"Shaded","section":"Shading Mode"},"sceneLighting":true,"audioPlay":false,"sceneViewState":{"m_AlwaysRefresh":false,"showFog":true,"showSkybox":true,"showFlares":true,"showImageEffects":true,"showParticleSystems":true,"showVisualEffectGraphs":true,"m_FxEnabled":true},"in2DMode":false,"pivot":{"x":-140.44630432128907,"y":136.0961151123047,"z":54.708377838134769},"rotation":{"x":-0.031973205506801608,"y":0.2588310241699219,"z":-0.008171110413968563,"w":-0.9655750393867493},"size":14.831331253051758,"orthographic":false}