{"cameraMode":{"drawMode":0,"name":"Shaded","section":"Shading Mode"},"sceneLighting":true,"audioPlay":false,"sceneViewState":{"m_AlwaysRefresh":false,"showFog":true,"showSkybox":true,"showFlares":true,"showImageEffects":true,"showParticleSystems":true,"showVisualEffectGraphs":true,"m_FxEnabled":true},"in2DMode":false,"pivot":{"x":-129.60711669921876,"y":149.50021362304688,"z":468.02227783203127},"rotation":{"x":-0.00048248987877741456,"y":-0.9998629093170166,"z":0.026397429406642915,"w":-0.018670232966542245},"size":23.53645133972168,"orthographic":false}